train	val
-0.013751256853657693	-0.012859996103771148
-0.016826048365406313	-0.015459538341198929
-0.018715249392357605	-0.01718260642825296
-0.019930787234182464	-0.018097349558063715
-0.021139898976523856	-0.019885826447628194
-0.022422381565554088	-0.019807454274713795
-0.021974178364235195	-0.019059218558756672
-0.023692797681293967	-0.020549879001292955
-0.024783985358372285	-0.020948760451515263
-0.02556326027818861	-0.021289848008114263
-0.026023532036899617	-0.02101279730995428
-0.026376893284616957	-0.021446964628770857
-0.02681849085107724	-0.022223082434962675
-0.027513366276979267	-0.02209135548296298
-0.027756122531793097	-0.022399546261899505
-0.02840735130562679	-0.02232184968311101
-0.028501718047255407	-0.022539742999440563
-0.02912970405952821	-0.022504953332660324
-0.029063085887667737	-0.022776899033888406
-0.02932507821086343	-0.02325431660491263
-0.029737551691608553	-0.023379706321139757
-0.02953227332034552	-0.023148089763239746
-0.030210867687886417	-0.023802266931279167
-0.030076677934550922	-0.023632416711004738
-0.03057669740217019	-0.023986031930359447
-0.030860478355860026	-0.0239424728456341
-0.030899318979309823	-0.024128267849710547
-0.031191858026594237	-0.02363886270085809
-0.03106127855882567	-0.023985504797546603
-0.031109797973705354	-0.024366905852502427
-0.03128122170714921	-0.02432265107725936
-0.0316991617778724	-0.02448308945294437
-0.03181873190814048	-0.023887699329904973
-0.032043202569849626	-0.024103022158284245
-0.03200185196411237	-0.024455789409479126
-0.03230203716238284	-0.024369216740931697
-0.03241467833861653	-0.024413188240053316
-0.03239299265280194	-0.024180649918105732
-0.032463660301462825	-0.02435184526611171
-0.03256804395247405	-0.024013875078841496
-0.03269098006990669	-0.024416445833283448
-0.0329612660542853	-0.02448272761587778
-0.032949321329004945	-0.02444822939972286
-0.032912591984745485	-0.024761642532515015
-0.0329946859037382	-0.02432417267265338
-0.03321248582700632	-0.024759849835617215
-0.03342651890354058	-0.024432199588294925
-0.03346076389312136	-0.024382769382807597
-0.03343723925221159	-0.02450715628423386
-0.03348416945262348	-0.0244891056172634
-0.033497807458837944	-0.024399987781147874
-0.033752274721426945	-0.02495292237182311
-0.03374794826253627	-0.024671248758692782
-0.03374413087983438	-0.02498723010857918
-0.033991681264389714	-0.024851774907236352
-0.03378747341262528	-0.02483151760971865
-0.03393671441042873	-0.02482876742220175
-0.03396395380819349	-0.024795820996537227
-0.03418343765026115	-0.02496662118317444
-0.034002069757262034	-0.024923170437430777
-0.033983499745577024	-0.024908071548692623
-0.03416866984839735	-0.025302647627914152
-0.03414786055195917	-0.02516558438438014
-0.03430265249615343	-0.025415975554604314
-0.03456182278561249	-0.025565163506376
-0.034447502753418534	-0.0254309290232994
-0.034311887096810816	-0.024964389207558814
-0.03439430250515552	-0.025429115237417015
-0.03460350761773974	-0.02534316149302475
-0.03460452027602201	-0.02541664541738169
-0.03471779973081022	-0.025554194534842978
-0.03464438390169743	-0.025617420842373027
-0.03470334816055656	-0.025327228961946526
-0.03489830085591038	-0.02514053063485235
-0.034785817579324155	-0.025521435505477554
-0.0348306312063584	-0.02541989886106264
-0.03504863535812496	-0.0254625771348948
-0.034665570973476806	-0.025442620138008937
-0.03493573112387047	-0.025769929014528646
-0.03491514659792906	-0.025459610375222628
-0.034952581391651354	-0.025341359015158556
-0.03517951985992243	-0.025577344890837257
-0.03536804664877016	-0.02579223795796245
-0.03515848370009577	-0.02591595164303968
-0.035029028540434645	-0.025639608057820805
-0.035156552821451255	-0.025720537959091145
-0.03529227543183726	-0.025871846520819645
-0.035176523453761044	-0.025644139473161468
-0.0351779119941562	-0.025929310281613143
-0.035226743726323666	-0.02577628584071855
-0.03533026664556631	-0.02601466374232605
-0.035243273582552324	-0.025946005018368773
-0.03521405490619057	-0.025672733235926355
-0.03485712771547032	-0.02590207343469961
-0.03535440109328582	-0.02593148852939019
-0.035484178646345475	-0.025759336739921646
-0.035436211138452585	-0.026060207528852818
-0.03556487497079227	-0.026181751072693254
-0.03553018107895414	-0.026020948504961127
-0.03389487156485214	-0.025923312667917586
-0.035105524843752886	-0.02635816837735197
-0.03533890619446282	-0.026540737179191084
-0.03547465916873267	-0.02640296873551912
-0.03531012097196362	-0.026163020412818323
-0.035228470389866984	-0.026228917437360676
-0.03550601993812399	-0.02634285231886014
-0.03570122107796588	-0.02614039673856061
-0.03483307778153349	-0.025767007330538105
-0.03537892672024353	-0.025963848906777515
-0.03537100011219896	-0.02648962374740726
-0.035564873548074805	-0.02603608828378561
-0.035395017266637116	-0.026343162465979304
-0.03573773542983307	-0.026396912041302293
-0.03572391718603351	-0.026302101301004615
-0.03569565915379496	-0.026264081098955318
-0.03584726675567864	-0.026195384567340108
-0.03585614460920791	-0.026215562170369862
-0.035858697222552624	-0.026258510843070623
-0.035801531607626336	-0.02615900358186924
-0.03577081727995051	-0.026414762460998886
-0.03587418471651386	-0.025945393688441395
-0.035916722483381375	-0.02595253710408876
-0.03601913616474977	-0.02605805043934095
-0.03603545440014718	-0.02638842075658791
-0.036117857483033616	-0.0262501003421332
-0.036079588580463326	-0.026298049742929822
-0.036248504892879355	-0.026403098535147315
-0.036177851775118064	-0.026360540679459078
-0.03617980033260672	-0.026406193187702303
-0.03619612664177621	-0.02631200555227831
-0.036303521998192534	-0.026194408824155878
-0.036150185281707284	-0.02600803595715471
-0.035879892644652335	-0.025833132898344963
-0.036158798521432736	-0.02627406956233934
-0.03633732251966143	-0.02593571999027145
-0.03637230924553282	-0.026214202951962955
-0.036083471359196095	-0.026312586173243648
-0.036435572866951586	-0.026127474956556273
-0.036294516742091235	-0.02625727799520512
-0.03635512028049943	-0.02638708110285046
-0.036363603411223584	-0.026557388059230354
-0.036364866445147054	-0.02608372644703178
-0.03639973105013785	-0.026269884124588562
-0.03642199098468439	-0.02639503232741995
-0.03629505655439864	-0.026114732240307005
-0.03643081736044014	-0.026288611156961704
-0.03624312049674198	-0.02609983849499847
-0.03638850625545513	-0.02649985243068864
-0.03640396527886783	-0.026278375064433097
-0.03654398080554248	-0.026524102902104794
-0.036577001145369666	-0.026220107911764077
-0.03626770964268832	-0.026598147756975173
-0.03662667352082821	-0.026190893384428534
-0.03662914675814988	-0.026236891442292784
-0.03654677949038932	-0.026208234859252843
-0.03656494451555646	-0.026238277103152765
-0.03661099850424183	-0.026362414684030534
-0.03668783271070828	-0.026392453845314433
-0.03654862534622053	-0.026601546063799705
-0.0366130048388976	-0.026491671967519042
-0.036350338166797926	-0.025869707991254865
-0.03663354078081655	-0.026297466121113132
-0.0365455695512932	-0.025991456344868075
-0.036515790345018805	-0.026312041020123314
-0.03646588029705735	-0.026780070366561888
-0.03660156912258568	-0.026389590530659056
-0.03682353961412398	-0.02651854442593509
-0.036754021589878796	-0.02664679371451231
-0.03659878951071568	-0.026371918142975535
-0.03664335334333204	-0.02658519207145059
-0.03651485945148083	-0.026118933418632428
-0.03668065823741919	-0.02649254265496221
-0.036803079812877004	-0.026491218313111502
-0.03674037956415767	-0.026555429723196477
-0.03686999260429912	-0.026582978197045973
-0.03687076780461407	-0.02669796581359658
-0.03673128121376435	-0.026715362780291643
-0.03695468550416097	-0.026490692159725132
-0.036878326936376646	-0.02667110997142604
-0.03688729211373345	-0.026571003634206766
-0.03684286744786172	-0.027023222584068737
-0.036624490700715606	-0.026637027146528606
-0.03690493292413303	-0.026788405213740277
-0.036840226116599685	-0.026638269908310155
-0.03684541386226953	-0.026818583216011768
-0.0367264430117686	-0.02686094442377233
-0.03684740157957941	-0.026777950585304702
-0.036894418021210226	-0.02668262544847662
-0.0369499602838624	-0.026912327109758546
-0.03704146040458489	-0.026603115761366817
-0.03672665818102384	-0.026697655718742937
-0.036919399254219394	-0.026772113928640165
-0.03705660407201895	-0.026912335163590057
-0.03702788097910091	-0.026953669521428473
-0.03691256122757667	-0.026996886709466653
-0.036995646067114495	-0.02665304974186767
-0.03671339738220113	-0.026764213285669542
-0.036975940811557306	-0.026724906269211247
-0.037028144702923566	-0.027395201433042325
-0.036905453336985444	-0.026946496071523586
-0.036997397163650476	-0.02708652345924507
-0.03695782803273001	-0.027234354170936424
-0.03683062072972269	-0.026989957100051466
-0.03691638364197692	-0.026944146505090538
-0.03695414774218472	-0.027062004599651603
-0.03699131502505232	-0.027152082549646118
-0.03696702970093757	-0.026967317323006945
-0.0370533038760095	-0.02710987218166557
-0.03704595803838816	-0.026983114645458592
-0.03709607017615058	-0.027085647014912555
-0.036915929775770455	-0.027047833085833303
-0.03702008122448898	-0.02715947868421707
-0.03713556798478036	-0.027087155800475073
-0.037086469274523116	-0.027051298223694224
-0.037222024211085745	-0.027038793639711765
-0.03673669649220205	-0.027191605594635196
-0.03698794306106248	-0.02718926067217809
-0.03714949880303314	-0.027013049678357805
-0.036964875976625726	-0.026887059426869406
-0.037101999550823855	-0.027010134905309572
-0.03716199213319412	-0.02694017057532819
-0.0373009305266217	-0.027402117870804054
-0.03714177702159065	-0.0270769753869744
-0.03708908037835245	-0.026971942900334663
-0.037100400659589264	-0.02694386509108278
-0.037139025894757295	-0.027216077058204495
-0.03717009677649705	-0.027101700564438634
-0.03724127945754355	-0.026911588142630394
-0.037028835165440595	-0.02714687338739741
-0.0372204884929529	-0.027124601446285267
-0.0371476909617738	-0.027088276869726216
-0.03714681659982978	-0.027250306248080555
-0.03723519804914929	-0.027121945375789585
-0.0371976430070477	-0.027081795763735216
-0.037103543377752395	-0.027054872125924175
-0.037340448168189586	-0.027021061979836673
-0.037039428975273084	-0.02738595384752344
-0.037210742387149894	-0.02731969532349233
-0.03730150910866424	-0.027205554773547087
-0.03723618973172655	-0.027170115071519958
-0.03731480612181237	-0.02722607100051601
-0.03724157693279096	-0.027387479599430848
-0.037392102405439054	-0.027113146099601537
-0.03745078269695064	-0.027241138821860796
-0.03738186785012813	-0.027495406154277292
-0.03748269838013861	-0.02719968935692109
-0.037341725011837176	-0.02720723242116823
-0.03740730573041966	-0.02713213402781884
-0.03752953283143215	-0.02731068548987054
-0.03735869972001048	-0.027155005536532686
-0.03743640331270626	-0.027241083377198525
-0.03743526272592955	-0.027209180142798044
-0.0373852302465697	-0.027167177309820077
-0.037426449649703215	-0.027342796666165275
-0.03735619033934576	-0.027133286982074817
-0.03733820689206765	-0.027034755324484128
-0.03751902212018227	-0.02749554083867958
-0.03742315380170878	-0.027384815671971728
-0.0372415590106421	-0.027070629452990876
-0.03740311882711068	-0.0273123699714158
-0.03729950522583211	-0.02734008662585754
-0.037497904502172545	-0.027174934677876017
-0.037330380165467546	-0.027441596724016814
-0.03750446704176824	-0.02718835193041996
-0.0374620436170288	-0.02713468609245165
-0.03749367317790921	-0.02724695312342053
-0.03751872585967577	-0.027372229037961625
-0.03746368483329888	-0.027315394706772776
-0.03758286562014044	-0.027174154002581438
-0.037485490493704754	-0.027110540150443403
-0.03728645134540924	-0.027272557646950208
-0.03741904335341458	-0.027258774675103053
-0.03752473656738806	-0.027202179765068984
-0.037498604349657336	-0.02742939741744786
-0.03764966024861754	-0.027237891981177414
-0.03752078069657928	-0.027109422824793464
-0.037489996325071294	-0.027316114901336015
-0.037314162532110486	-0.027281572416677762
-0.037585142141050305	-0.02750523598032925
-0.03749364106359932	-0.02729660244747032
-0.037634977894185954	-0.027154582038183408
-0.0375170076369833	-0.027375126986342275
-0.037556326623044325	-0.027340540504143338
-0.03749744320132507	-0.027421507357251466
-0.037396324344646854	-0.0274336156956973
-0.03756216624998319	-0.027299609296786397
-0.03770600616603257	-0.027428180439712513
-0.037529348392074766	-0.027424536845554428
-0.03752448099118624	-0.02731526185671376
-0.0376871324751308	-0.027530157577430367
-0.03746223030247087	-0.027448090378241412
-0.037525174640119355	-0.027554565455416728
-0.037539840347471584	-0.027571694309566325
-0.03772439584119177	-0.02743022101400977
-0.03760132427359868	-0.027281347142192627
-0.03758731842813548	-0.027129553587853322
-0.03756871486855241	-0.02710872660626274
-0.03770876983478095	-0.0272461916537879
-0.03772341095538817	-0.027364461449517277
-0.0374157964165046	-0.027582454774307714
-0.03764988214848552	-0.027410695331825264
-0.03759257293898685	-0.027170859158902785
-0.03768668447716045	-0.027381146567264206
-0.037588327515163146	-0.027345119067546827
-0.03763997407196908	-0.027358439900863275
-0.037684067213158465	-0.027455324096057384
-0.03765853192672481	-0.02743342265183507
-0.03753815816983318	-0.027520674232785383
-0.03759662569384051	-0.027476981983455315
-0.03774327833765284	-0.02741822807545104
-0.037702908383134975	-0.027239371512015345
-0.03763154590139384	-0.02731291434661239
-0.03767168577068583	-0.027413467443471676
-0.03763703891601997	-0.027436284022117473
-0.03764022800857653	-0.02743959319936146
-0.03757113851914628	-0.027357368768360892
-0.03761244250149487	-0.02750638460329943
-0.037776757032432315	-0.027325577871365896
-0.03769139095470508	-0.027346078015444125
-0.03766040194163243	-0.027509193883798414
-0.03736982745486133	-0.026985203683801973
-0.03772161132422223	-0.02736400044761472
-0.03767989505537389	-0.027544049801155775
-0.037510270665529484	-0.027505659956843103
-0.03777673680748178	-0.02757447883137393
-0.037943451168950426	-0.027302127880535456
-0.03764768968318737	-0.027500251275992618
-0.03783315963720232	-0.027573829296294917
-0.037723206460438224	-0.027402738620538734
-0.03766761211734541	-0.027310419589491236
-0.03783661399551534	-0.027430762089869783
-0.03763676500603823	-0.02728533291152107
-0.037787790888877196	-0.02758340200598055
-0.03773954416903469	-0.02738918542790738
-0.037728547086689275	-0.027494710507770366
-0.03781927994005334	-0.027511664986154236
-0.037819986081404626	-0.027369083013491027
-0.03783575430879799	-0.027523170234326075
-0.037726009619090436	-0.0275913143771572
-0.03773728314853157	-0.027647992605400438
-0.0377451814708598	-0.0276876236142732
-0.03772355946108303	-0.027571366973093814
-0.03791646822696895	-0.027564630626676093
-0.03772544753104314	-0.027567663130991307
-0.037674557683014656	-0.027677726012139792
-0.037862286242129624	-0.027657344127157438
-0.03786655467326326	-0.02763558806048918
-0.03788433076538509	-0.027711690316026657
-0.037816844352258405	-0.02746367917503897
-0.0376773477586132	-0.027626714279961894
-0.03777653385951184	-0.027601915235766748
-0.037867101723708815	-0.027454299362588735
-0.03769698918825465	-0.027646538683207607
-0.03780596297153578	-0.027557607464864964
-0.037734529243806686	-0.02752192645714304
-0.037694888621572165	-0.027515189001834178
-0.03785293276682899	-0.027596866211868767
-0.03784070271587177	-0.0276101863736034
-0.03783907270360155	-0.027352296125893724
-0.03777167243182531	-0.027535520686950893
-0.0378685660070126	-0.027355510099840843
-0.03790520005774472	-0.027653011172935404
-0.03787223390317525	-0.027600298417538686
-0.03784636647542608	-0.027308228495607198
-0.03785473854349986	-0.02745937276828006
-0.03786943418946147	-0.02750372300028992
-0.0378634941901033	-0.02759727616689327
-0.037710902172758236	-0.027501353221277093
-0.037884196672636636	-0.027650651088976814
-0.03787451537488616	-0.027437202548852225
-0.037987983561852866	-0.027710447505825023
-0.03785954714287242	-0.02749166801578923
-0.03795143809369782	-0.02763893800256698
-0.037831797558448926	-0.027516015618573815
-0.03779994676496914	-0.027397375569171455
-0.03791734711862209	-0.0273353617688182
-0.03795045104102079	-0.02753578991099078
-0.03793958563481428	-0.027477691927126357
-0.03784821109523699	-0.027411087986648687
-0.03775249668181501	-0.02757149638393371
-0.03789672077882949	-0.02770374828329307
-0.03784820984517872	-0.027643801437404043
-0.03788975130830953	-0.027650760126793097
-0.03788700563236459	-0.027739768816992885
-0.037780277422725606	-0.027669682540834326
-0.03783960801788565	-0.02763212026732595
-0.037881085555097775	-0.02778605874439993
-0.03789382934572373	-0.027636224023164825
-0.03792082570829186	-0.02781443858282371
-0.03784492747317749	-0.02789449067963731
-0.03783242547238841	-0.02775439867094224
-0.03795978752642477	-0.02787937288686955
-0.03797834452393407	-0.027754235790897766
-0.03792008754960498	-0.027846250338980662
-0.037995616647007846	-0.02787675508841989
-0.03805768466106293	-0.027895940086455163
-0.037868195114845224	-0.027875242588536065
-0.037854162377862814	-0.02783344233121581
-0.037853200198643834	-0.02777163928964318
-0.038016462020302955	-0.027767497572517844
-0.03795623284967403	-0.027925120721455834
-0.037900728923667255	-0.027583923588892865
-0.037791042452953845	-0.027614994896799375
-0.038044803717905265	-0.02792472635700492
-0.03788609280877895	-0.02783752023274649
-0.03795133621664968	-0.027703491391384113
-0.03801465280484776	-0.02777266431932339
-0.03792564891988361	-0.027787974481201988
-0.03786012284422367	-0.0277883221356729
-0.03778157672969269	-0.02760217202107608
-0.0378909272746185	-0.02758281218453084
-0.03800145765476801	-0.027670417602398616
-0.03800551615186854	-0.027593976968412242
-0.038014721580616674	-0.02788317253854957
-0.03795138015466954	-0.02783615915903601
-0.03797838650157655	-0.027709907093595252
-0.037918033856512406	-0.027784728097263005
-0.0380773513438459	-0.027616197390658157
-0.03810762162855161	-0.027729226731464034
-0.03800324727171797	-0.02781416966761678
-0.03794396745328766	-0.027570161403711314
-0.03797100525986974	-0.02768762588906394
-0.037938929649639935	-0.027950064035045193
-0.038019315103095	-0.027826630198521187
-0.03799162457948074	-0.027745140822304382
-0.038032546371269085	-0.027727753866139637
-0.037907270720792155	-0.027778261433622796
-0.0379087442041699	-0.02785792952353362
-0.03796583525247101	-0.02776313155975842
-0.03787178321675392	-0.027691789035032936
-0.03792079911188977	-0.02779074453055341
-0.03792532157543457	-0.027834389698815663
-0.03798328187519242	-0.027828837611607687
-0.038074046571744354	-0.02777287103830608
-0.03782819514207099	-0.028072328327835797
-0.0379305942490239	-0.027748998049120777
-0.03790555769402636	-0.0277183238220861
-0.037874935472873926	-0.027811440602093306
-0.038017077140808146	-0.027665608904820574
-0.03794096908471731	-0.027843579769875962
-0.037995893373751505	-0.02784264007511937
-0.03783479391244524	-0.027992058824864285
-0.03795866841759885	-0.02796113114097934
-0.03805080230692337	-0.027854834355527946
-0.03795323278849099	-0.027758523381066123
-0.03800166417249934	-0.027895415111646584
-0.037918929016500014	-0.027932454331341915
-0.03799120193909786	-0.02771563111098239
-0.03789777508226045	-0.027858689461093773
-0.038030934363874516	-0.02771797240307065
-0.03796194603640538	-0.0277379297979819
-0.03785412423232427	-0.027653605476207464
-0.03796978247275741	-0.027823545490439763
-0.03786356477315216	-0.02767146775731866
-0.03789024523685868	-0.02782630647845861
-0.038003219291947374	-0.02799046112076529
-0.03793666550073484	-0.027615530566418234
-0.038107772450076204	-0.02749394442407124
-0.03791082124496246	-0.027669639396547967
-0.03801461768094485	-0.02778433625086166
-0.03811452727222751	-0.02779923535505622
-0.038148336335470226	-0.027854272876250533
-0.03810644344553178	-0.027851319421753812
-0.03791666325347674	-0.027834171939054565
-0.03797695030189836	-0.02784504558425452
-0.03801648441308568	-0.027781261972832056
-0.038113840303250456	-0.027980598180190247
-0.03785646628124411	-0.027948436499111773
-0.03794758772901652	-0.02781043143914254
-0.038217986745299824	-0.027873223028416456
-0.038072806239773486	-0.027969492979576415
-0.03797517857348588	-0.02774398253455818
-0.0379936498786588	-0.027942515890783434
-0.03799414678973369	-0.02798893480324816
-0.03795133719281888	-0.027928403814384103
-0.037972424056681595	-0.027762742031934934
-0.03805989964721414	-0.02781814174388742
-0.03804273487480106	-0.027809206432784193
-0.037972859515854225	-0.027707531730336937
-0.038053896286549045	-0.027784145076407227
-0.03801053248030253	-0.02784269945111256
-0.03814721347335261	-0.02782662277380102
-0.03810808893560961	-0.027829588878232434
-0.0380136247230392	-0.027845650285177253
-0.03805766882819168	-0.027973351699397242
-0.03807089060877805	-0.027971589494004162
-0.03794515016705975	-0.027883651112699484
-0.0380921082983417	-0.027787794999656185
-0.03801764031031902	-0.027839237037620465
-0.0380060991354413	-0.0279057916348563
-0.0380131933795104	-0.02774871137743374
-0.03814369936065276	-0.02805747947272822
-0.0380412565620738	-0.02794167117348774
-0.038136805236324955	-0.02782552668087305
-0.038076990533040686	-0.02774771672914434
-0.038034126798310745	-0.028011673356083382
-0.03795813589151061	-0.027882014091266217
-0.03802638891931255	-0.02797092397891839
-0.03799528980355697	-0.027830729786238344
-0.038165227679788194	-0.027897141715872525
-0.038093918749310014	-0.027893210803777563
-0.03804439487069497	-0.02803891263453182
-0.03808041204363678	-0.027912785802211914
-0.038120974682573444	-0.027827869078436204
-0.037999680208161815	-0.027785904856673354
-0.037997161883639184	-0.0277331533031204
-0.03795635046616119	-0.027863473808526485
-0.038230629266567034	-0.027832116805135178
-0.0380015711554694	-0.02795235089729303
-0.03808341784402874	-0.0279483882690104
-0.03798829521723811	-0.027842433588571927
-0.03803644615343435	-0.02770037451792138
-0.03808116467459864	-0.027951121928752626
-0.03820109403163189	-0.027819945974332145
-0.038144141755169385	-0.027698595278017022
-0.037999318769853525	-0.027803693715914467
-0.038221672194035126	-0.027805454035255806
-0.038085467933718836	-0.027684799499396114
-0.03810570386904983	-0.027839640753684357
-0.038144614359589	-0.02795042076762861
-0.03813394002574359	-0.02792175764074949
-0.03800679564626086	-0.02784574742606481
-0.03784682225932503	-0.027838815247344023
-0.03810646778922279	-0.02786102609177123
-0.03813274252091824	-0.027867689198965605
-0.037970443322257214	-0.027827066360772562
-0.03822006193595975	-0.027900738746283092
-0.038022232275723475	-0.027918081503252472
-0.03824587959628724	-0.02764610369633471
-0.03808228286379295	-0.027917345412748998
-0.038240175025783085	-0.027774815586477757
-0.0381796246386824	-0.02801656012303099
-0.0380712732769222	-0.02794316978296198
-0.0381643529697021	-0.02789044513881901
-0.03805076191520052	-0.027765140876199048
-0.03816762847514198	-0.027824324419482245
-0.038219399098961056	-0.027845195551905864
-0.0380862044371089	-0.027772278484154398
-0.038206446172712814	-0.02787209696620871
-0.037986983154600355	-0.02768825350765616
-0.03808231323690909	-0.027793508119607475
-0.038142665874184245	-0.027642966573979393
-0.038059229670470686	-0.02772472967981429
-0.038144060691306686	-0.02790682443448237
-0.038116226268905345	-0.027909459802072892
-0.03812854342299159	-0.02783947950352769
-0.038113471860586036	-0.027748295921217164
-0.0380482321981682	-0.027819549148785403
-0.0381571258899751	-0.028027370340018943
-0.038064439282130436	-0.028042639550623784
-0.038345193165803315	-0.027897686800277516
-0.03828627598915412	-0.027917857420176138
-0.038182448209855176	-0.027834827318064963
-0.03820095565450342	-0.027672540313696987
-0.03817454784150376	-0.02779024347531124
-0.03814253682750966	-0.027897723021029146
-0.03805101502547306	-0.02753074726371608
-0.03804436188426588	-0.027653952537344803
-0.03806721869904824	-0.02782364531371987
-0.038049202505429175	-0.02776299165686288
-0.038060392120430685	-0.027631272991749133
-0.038057671135609226	-0.027881442099694113
-0.038211063412331846	-0.02756072785317029
-0.038164032559116136	-0.027944795631841428
-0.03812638349026302	-0.02778388603555694
-0.03821689491669357	-0.027901219418581074
-0.03801493600496818	-0.027842217767872643
-0.038039858904683116	-0.027589804999360996
-0.03812673628881614	-0.027796260097365553
-0.038040948929431155	-0.027710709967127375
-0.03817116519923932	-0.027733861340621002
-0.03823695713246232	-0.027812357196182524
-0.038140685021512154	-0.027840916382534213
-0.03800940767233946	-0.02776722334598737
-0.03814687759412448	-0.02778819682500417
-0.03802890819198865	-0.027915107007729086
-0.03821544146836787	-0.027802549266062467
-0.03808690367182869	-0.027927044307369267
-0.038188637232147986	-0.02790819136100968
-0.03812489324863282	-0.027845935200414083
-0.038247928739261756	-0.028030933851071402
-0.038186403637717393	-0.027768168823581994
-0.03816489540302442	-0.028027074536386323
-0.03802359506543715	-0.02774062446874525
-0.038174207604482105	-0.027946421515503608
-0.038236587965395315	-0.02795119530798346
-0.038121977667078685	-0.02785119478942134
-0.03804718781028067	-0.027858779949774884
-0.03829359250280857	-0.027854042662266425
-0.03814143820379855	-0.027994267827570526
-0.038238419036133196	-0.027953139512102078
-0.038174512118875924	-0.027852705283381254
-0.038121673187821434	-0.027743091533155097
-0.0382688092810228	-0.027807486808849608
-0.038153880915865565	-0.027789252666723985
-0.0382564983994819	-0.027896505139057715
-0.038251794185962744	-0.027899781747572728
-0.0381111979727603	-0.0278409479830176
-0.03814117469059711	-0.02768293228795575
-0.038051588865254046	-0.027704851955664432
-0.03815117743633431	-0.027863682105668017
-0.03810009483958839	-0.027757198904306626
-0.03808175455724505	-0.027859901093583
-0.0381481564150531	-0.027665468253755165
-0.03816192646263967	-0.02779885906195826
-0.03803433308961848	-0.027759542110620768
-0.038197565549923616	-0.027782784296687128
-0.03822173194732082	-0.027788380275704516
-0.03822583238485776	-0.027920966043928814
-0.038097039471228	-0.027817883675335605
-0.03820051676383713	-0.02784839297281012
-0.03806893585917446	-0.027888891028247813
-0.038075218797142034	-0.027881762983525793
-0.03815072832710984	-0.02773472400122177
-0.03818140295764853	-0.027873597709936974
-0.03814818257769278	-0.02782767200704947
-0.03812158081798002	-0.02775072253861578
-0.03819106736261404	-0.027777959850682165
-0.03814082818422985	-0.027835924776050933
-0.03817140999172166	-0.02797029615483359
-0.038157413511734406	-0.02782791179878177
-0.03830612191927229	-0.02786583695407399
-0.038222509555848536	-0.027767862536706402
-0.03828870374822289	-0.02781207342960024
-0.038197739110353436	-0.027805735695152035
-0.03823442125414907	-0.027846983309953426
-0.0382235319944106	-0.02773107430528409
-0.03812296704908597	-0.02778227714864525
-0.038153701142870304	-0.0277407025814342
-0.038128321710650365	-0.027785602744681025
-0.038311816246844474	-0.02791408405989973
-0.03813858490487982	-0.027785263076414494
-0.038164353540677674	-0.02769956850547664
-0.03813205829578378	-0.02782774930836239
-0.03826711311316286	-0.027762489062237976
-0.038305095066885925	-0.027748225896412952
-0.03819258955413654	-0.02773166481644787
-0.03823213207802228	-0.027940433064555095
-0.03824162417801543	-0.02769983807480102
-0.03817794885649766	-0.027800314894740587
-0.03830589655578536	-0.027892813955907824
-0.038116269161620954	-0.02783272386855197
-0.03819767196128668	-0.02778949991447676
-0.03828691851965464	-0.027651367977101212
-0.03814938927255336	-0.02788002275751394
-0.03821492871592764	-0.027966372623605087
-0.03822347298552409	-0.027843083178843687
-0.038091334957661635	-0.027797259669488355
-0.038214099547401015	-0.027758348086145107
-0.0382220323359863	-0.02773228576155115
-0.03825879063132241	-0.027955943967158895
-0.03830718456375369	-0.027879448677918903
-0.03821852964885401	-0.027936151800661967
-0.03833779452865284	-0.0276260667334987
-0.03820916591035707	-0.027827806403478875
-0.03828920649418524	-0.027839745257893792
-0.038159266594764804	-0.027899340473878535
-0.03822289387007286	-0.02748148304677317
-0.03830362057303912	-0.027843627113980165
-0.038301537421495044	-0.0277285220982038
-0.038276688716554	-0.027926682959643494
-0.038124146922020145	-0.028073408400543374
-0.03819527661735576	-0.027876014850970864
-0.038201998351169004	-0.0279275665544145
-0.03823234584556296	-0.027956199839098125
-0.03838362276089144	-0.027890800512200702
-0.038227929111222934	-0.028036032212068854
-0.038289693185303064	-0.027698957179649014
-0.03819710837074527	-0.027930968725639115
-0.03832558377646146	-0.027855291348931013
-0.038296975627828446	-0.027842658218209974
-0.03823454095595083	-0.02783770339778554
-0.03820132808504949	-0.027908757312102832
-0.03833537452301836	-0.027571616240976808
-0.03824987360690969	-0.027860343470088558
-0.03830298170448221	-0.02780919750584557
-0.03835013006457843	-0.027776490903595435
-0.03843635212479962	-0.027701454257360696
-0.03829147407182208	-0.027942710236633153
-0.03819994609418932	-0.027817089534341966
-0.03826181140566624	-0.027694401116670896
-0.03817013347832748	-0.02790209967220691
-0.03824444697667237	-0.027777404556062143
-0.03837351580830695	-0.027887141289683705
-0.03826520281760918	-0.027930052557714743
-0.03827745943695482	-0.027810149330273627
-0.03821003032979645	-0.027659944952607776
-0.03840470353949187	-0.02775604828191905
-0.038297163991454344	-0.027819332758691896
-0.03836683061958838	-0.027610671126087016
-0.03825156040689324	-0.02768420444112892
-0.038168490137909614	-0.02766918414941622
-0.0382224277789789	-0.027885681516406566
-0.038167441080977985	-0.027857787368909686
-0.03835844954490701	-0.027873714017007167
-0.038344902954471446	-0.027751129096628264
-0.03816708819721497	-0.027909849740499173
-0.038183992554865306	-0.027890762013099084
-0.03811967117439354	-0.02765050254381063
-0.03827344858628602	-0.027625227757159112
-0.03802217733093018	-0.027686763539383864
-0.03826326212497875	-0.02774490261810677
-0.03828844027837198	-0.027650342708593005
-0.038278266300794894	-0.02784888218137396
-0.03823305757130532	-0.027704409722131902
-0.03824069180436964	-0.027711591505377935
-0.03830067592621971	-0.02776333071615569
-0.038318254839036156	-0.02762272643918103
-0.03806034560064854	-0.027764005083380713
-0.03820576718758974	-0.02791917329880509
-0.03821183263364039	-0.027935986609557192
-0.03837553200276958	-0.027763014136519
-0.038158923980018015	-0.027688166360507284
-0.03822335186325729	-0.027922000388122484
-0.03820512863820807	-0.02769109763161675
-0.03821156502620739	-0.027556147916698016
-0.03816703533987423	-0.027601944626857396
-0.03829228082523476	-0.027764997320299786
-0.0382410987774928	-0.027908467380043628
-0.03828969812218126	-0.027840976591854794
-0.038367787623714913	-0.027819240837220028
-0.03838683076701769	-0.02778502565295479
-0.03841005255523885	-0.027835976336043327
-0.038334332611049036	-0.027833768102218433
-0.03816967643521146	-0.02774273325244426
-0.038251237527483224	-0.027761754247218988
-0.03819131790742107	-0.027777551238508152
-0.038211344640013634	-0.027762465645099942
-0.038339616832877094	-0.027659910029484213
-0.03830369145237699	-0.027882847642339302
-0.038336707990166925	-0.027785902674179498
-0.03822981233000121	-0.02791197413760348
-0.038193015752783624	-0.027889872107933037
-0.038273146193058	-0.027947011630398443
-0.03829887341279652	-0.027640459849427198
-0.03824854254530035	-0.027831586589082705
-0.0383233578887563	-0.0279556260159244
-0.03825880081471949	-0.027760932108690357
-0.038212564039847165	-0.02769408123968877
-0.03820817159211928	-0.027681570731825627
-0.03843426054060695	-0.027810674847223917
-0.038221097617464714	-0.027747430921299915
-0.038329377984160626	-0.02776118652584294
-0.03819095479543996	-0.02781497402256769
-0.038191041841030615	-0.02776522066361404
-0.0382371927288493	-0.02778893994164976
-0.038353052158483426	-0.027775591982816202
-0.03810997763973613	-0.027807555095441867
-0.03839810408704926	-0.027744966472199522
-0.0382433497967618	-0.02767273396457266
-0.03835370869782901	-0.027763451155402328
-0.03826342899594236	-0.027653010797571393
-0.03823027193270126	-0.02766274797091891
-0.03833267820267654	-0.02755503803414445
-0.03842411276217604	-0.027693326805866388
-0.038296197831492775	-0.02761052562139094
-0.038322527409666705	-0.027736366612320568
-0.03816552648916675	-0.027714479486633775
-0.0382373125428587	-0.027673677034454534
-0.03826222950052954	-0.02786622497236218
-0.038402866660972416	-0.027710930700761506
-0.03825891351236249	-0.027763814726607963
-0.0382179232820042	-0.027663303476452888
-0.03836186410499345	-0.027626493529108537
-0.038261000330650226	-0.027952366148963625
-0.038267244934074525	-0.027716537745387963
-0.038384508008944336	-0.027791181022252448
-0.038342701940531146	-0.027883277537257212
-0.03824347472642387	-0.027676612621689762
-0.03837181902278071	-0.027843002054592787
-0.03831019923978922	-0.027754643775572494
-0.038204109998099235	-0.027718782996419968
-0.03821975685298613	-0.027879097429711105
-0.03839457282758997	-0.027861065844319303
-0.03841109794494692	-0.02791430685371441
-0.038220436125237976	-0.02784905987328861
-0.03826676403820177	-0.02778524521216562
-0.03819660462103329	-0.027673994691965877
-0.0383178872213201	-0.027777682747385627
-0.0383327430704624	-0.02792201971607435
-0.0383890625128094	-0.027709415930283633
-0.03823101346218242	-0.027702069464297114
-0.03836976058452515	-0.02782615579984909
-0.038337595237971915	-0.027829874990501307
-0.038326830738083205	-0.028112134307451395
-0.03831332668822291	-0.027884793034415573
-0.03833566515496	-0.027919971363153016
-0.038341565324314715	-0.027777017034107163
-0.038209064268128104	-0.028027257831007398
-0.03841914350188199	-0.027982758318261518
-0.03827539986264535	-0.027658354924149878
-0.03809360655484059	-0.027678956194539892
-0.03830632933340888	-0.027680145396597248
-0.0382884936888157	-0.027950360463848387
-0.03836918806150301	-0.02760322449389212
-0.03831105058878913	-0.027893682378442943
-0.038293755914879365	-0.02787861013081752
-0.03851285394413248	-0.027702139626766632
-0.03842564880144557	-0.02803850919704538
-0.0382698852600809	-0.02798627959104193
-0.03829167904667544	-0.02780274724229425
-0.038360278376468875	-0.0279185352437469
-0.03841026685989095	-0.027981715929754274
-0.038353942723163906	-0.027884692901656228
-0.03832931552786791	-0.027833467024638504
-0.03828801310037972	-0.027822114493559428
-0.03814844768856048	-0.027659229758914952
-0.03831265871916585	-0.027835412464929876
-0.0382275644900526	-0.02792432135259043
-0.03831776676906822	-0.027849761020104447
-0.03837476647832883	-0.02795621973605006
-0.03816077045572264	-0.027976876015800886
-0.03853622646687015	-0.027721976568460267
-0.03829595840733067	-0.027955879638122447
-0.03833684059015242	-0.02784359906048138
-0.03829316403169756	-0.027877924755886786
-0.03834490582837532	-0.02779102367027099
-0.038279574970362294	-0.02789756417845596
-0.03821057601543361	-0.027674772266634333
-0.038423100788736515	-0.02764761495580121
-0.0383905259749184	-0.02785666606027492
-0.038319593535148036	-0.027745070024378028
-0.038286940427790205	-0.027871401395991733
-0.03825568691776395	-0.027770876794345777
-0.03839333446942604	-0.027722000085673968
-0.038310585217470314	-0.027754560749724846
-0.038293329934877315	-0.027813810048879842
-0.03822842009189022	-0.027669407717735708
-0.038439221283098686	-0.02795232021315786
-0.03835331903792924	-0.02779736694817912
-0.038363171587105165	-0.027832713968027598
-0.03825582030323343	-0.027820402467928617
-0.03838267332537468	-0.027824715876459155
-0.038412944367551244	-0.02776921961251765
-0.038287635213405107	-0.027698175506589946
-0.038339505961974996	-0.02787581759186113
-0.038301525008912485	-0.02773625680165725
-0.03827428346148101	-0.027702664330709167
-0.03832146787292476	-0.02777807978352285
-0.03829041709484175	-0.027750807142926166
-0.03824601365018882	-0.027588527341370354
-0.03838880367852848	-0.027701930279814206
-0.03842594760568996	-0.027660507095692618
-0.03828241321337289	-0.02766290592144938
-0.03847464456712063	-0.02773489309058192
-0.038359354937202834	-0.027882708067130054
-0.03826997759472902	-0.02788400394747684
-0.03835986664755433	-0.027716174970076196
-0.0382092481942129	-0.0276320578076005
-0.03834120557156833	-0.027637602110075928
-0.038367657021987016	-0.0277689023770648
-0.03827029078782453	-0.02775585673057399
-0.038434384944435976	-0.027907498277355645
-0.038360056862245424	-0.02781185526024154
-0.03838633226217562	-0.027853495910182213
-0.03831279380306694	-0.027763263057210177
-0.03798907554363206	-0.02812204784805377
-0.03833001439974009	-0.027886170019914166
-0.03835277068207116	-0.027866899262479695
-0.038389375910927684	-0.027935776149961657
-0.038324213625920395	-0.027791454785914414
-0.03840582641560241	-0.027799143107821063
-0.038276016161444396	-0.027915322233979564
-0.03828975129437861	-0.02775132558664997
-0.038341436090963264	-0.027801319013290242
-0.038404446520456624	-0.027775392882046803
-0.038270918089540674	-0.027784360090661923
-0.03834549237587361	-0.02796998923350747
-0.038400410835470467	-0.028081372278265383
-0.038488953613893394	-0.02790247931882375
-0.03846549475113397	-0.027760330457922176
-0.038257197803610664	-0.027873659188130277
-0.03847613875283862	-0.027789533000927184
-0.03835191759160078	-0.0277746361201371
-0.03846878706716958	-0.02785565579505797
-0.03846891378026248	-0.028130801919542855
-0.03835556426696074	-0.027780670003663667
-0.03846368397997208	-0.02793539787010432
-0.03833137938558017	-0.02805764013008671
-0.03831022422571019	-0.027922573606814428
-0.03836650682605578	-0.02797778003679283
-0.03838760847553759	-0.0278241439433106
-0.03838441012421398	-0.0277724833809743
-0.03848856480553571	-0.027908299135360116
-0.0384018705334337	-0.027894438954383975
-0.038483562401170915	-0.027928543333679837
-0.03833236365277739	-0.02800239895172465
-0.03840339115954301	-0.027893699043196805
-0.03852101604751166	-0.027764580433991354
-0.03854483494725308	-0.02804324971822798
-0.03844188587138557	-0.028035022251163052
-0.03831222856732081	-0.02789113278283556
-0.03831125133848511	-0.028031284113050163
-0.03813138350210155	-0.028538514105017693
-0.03832714286290551	-0.02816975609300702
-0.03839931181075675	-0.0281840789965929
-0.03830459947705507	-0.027704179576307015
-0.03843070767691049	-0.02785175839452951
-0.0385463749952559	-0.027850405961039184
-0.038361115717145046	-0.027786012343530068
-0.03837163051608191	-0.028027291231906226
-0.03824165746332749	-0.028082254104699497
-0.03851631436981391	-0.02797293681612722
-0.03836745790111045	-0.02777591960011795
-0.03835942517203067	-0.02794211322308741
-0.03832004182614001	-0.027757639907426145
-0.03842174767825145	-0.02779961755870446
-0.03834097689954328	-0.02787852464234797
-0.03842766273715261	-0.02787814143932189
-0.03837739391948827	-0.027719637202225846
-0.038282127329519064	-0.02773972919936937
-0.038400010456811934	-0.027867105045458966
-0.03839542550102827	-0.027843873417252918
-0.03833733086494391	-0.027844481251325527
-0.038374974369049915	-0.027779143367297667
-0.03849915464784149	-0.02792592499987397
-0.03847898474516921	-0.028095624197455992
-0.03833791001057895	-0.027916226661584068
-0.03850672575619878	-0.028041075582619895
-0.03849662746953164	-0.028062897569614532
-0.038408893814184816	-0.027998800464623327
-0.03842033141334988	-0.028043037809284462
-0.03850695365135338	-0.02780311978752497
-0.03834438816278349	-0.027943469281164143
-0.038481164729573296	-0.028043860132983444
-0.03838223752898608	-0.02783621686069965
-0.03836171470429612	-0.02782504307200212
-0.038522647854005596	-0.02794329829702874
-0.038470638936063346	-0.02806232654940121
-0.03837941386528657	-0.028007249741936392
-0.03836455883479291	-0.02763369628093089
-0.03857848137136613	-0.02784199167918168
-0.03848920961949537	-0.027933057171985645
-0.0382925837433346	-0.027834919104709144
-0.03853037039680659	-0.027836750180212946
-0.038496464102877284	-0.027755661601418805
-0.03845653365371804	-0.027559930951497207
-0.03831610862188166	-0.027880812867513483
-0.03850349153640404	-0.02772467991342678
-0.038325315088307894	-0.027637250770250865
-0.03833275939380561	-0.027906165636808814
-0.03842139869772528	-0.028109787705001436
-0.03835217875956918	-0.02788002317508949
-0.038349429455484745	-0.02779369538224513
-0.03837039588304638	-0.027694382981757266
-0.038358954085567526	-0.02778602991324687
-0.03853835485013772	-0.02793817112242359
-0.0383789885925365	-0.027902251092505576
-0.03814233748202678	-0.028452077817437308
-0.03829582624257934	-0.02786167592453976
-0.038566145431648866	-0.028068642899634115
-0.03837755898692667	-0.02789287428503252
-0.03841248822620776	-0.028028305799845596
-0.038344653466247665	-0.027913850373509255
-0.03844333069182356	-0.028073388850450555
-0.03834441246950348	-0.028041524429014537
-0.038453609196657745	-0.0280226765977692
-0.0384435441425213	-0.027773216784419266
-0.03842885169556581	-0.02791524641039565
-0.038383037792213005	-0.02782376970835069
-0.037006048071309076	-0.028599571734359154
-0.03832701412059903	-0.02834908728363844
-0.0385069927405425	-0.028166807871773197
-0.03829844935050879	-0.028122799655907832
-0.03841131333538208	-0.027981550899750355
-0.03843010354204047	-0.027926673188457055
-0.03837418550906359	-0.027920880499268694
-0.03854425612476026	-0.02797613503581052
-0.038427494658265865	-0.02812760615203399
-0.038426807499178324	-0.02788814038920124
-0.038559463346863554	-0.02790791280260166
-0.03842009035239926	-0.027947823795397765
-0.03851197398247951	-0.02786125284348598
-0.0385354668635278	-0.027880439896829944
-0.03862332025434661	-0.028043930553959366
-0.03833805659108692	-0.027849371895863204
-0.038423993687327906	-0.027769149940757704
-0.03851360764948705	-0.02797952002799523
-0.03852729332158693	-0.027760709599537414
-0.038370092777063304	-0.02789077568168444
-0.03845349623817162	-0.028059544513787678
-0.038375884402636076	-0.028005092731822768
-0.03858249799517606	-0.027978309178787502
-0.03845484664039588	-0.02791351420551739
-0.038329012796710776	-0.027739385866183068
-0.038451451346961416	-0.027891746679807254
-0.03850452553740274	-0.027972992251575488
-0.038501728594814724	-0.02796885364955615
-0.03855895901964019	-0.0278275050055891
-0.03840184254734861	-0.02792527775905063
-0.03812415334485963	-0.02818326466982896
-0.03825198563917925	-0.028012335145310607
-0.038344452669904376	-0.027863540738340013
-0.03856090026360805	-0.027805128370744413
-0.038457417209603016	-0.028088797408071547
-0.03856802811102759	-0.028084045557927796
-0.038378510837913944	-0.028009187072146512
-0.03842515561916637	-0.027783927724327223
-0.03846695553483343	-0.027748536358136153
-0.03853443046934832	-0.02789599959544813
